ISRS;ISRS - RISCHI
LRSTD;LRSTD - RISPOSTE
AVAR;AVAR - DIVIETO/RIPRISTINO ACCESSO IMP. REMI
COMM;COMUNICAZIONI
APIM;APIM - APPROVAZIONE IMPIANTI NUOVI
APRI;APRI-RIFACIMENTO IMPIANTI
MODIMP;MODIMP - MODIFICA IMPIANTI
LIBE;LIBE - LIBERATORIE SHIPPER
BENE;BENE - BENESTARI MISURA
PREC;ACCERTAMENTI , CAMBI STRUTTURA
VAPM;VAPM - VARIAZIONE PRESSIONE METANODOTTI
METRO;METRO - METROLOGIA
LABO;LABORATORIO
VERB;CONF - VERBALE VERIFICA ATTIVAZIONE
M3;M3 - QUANTITA'
VERBNM;VERBNM - VERBALI DI INTERVENTO NO MISURA
VICO;VICO - VISITA DI CONTROLLO GEST
FOTO;FOTO - FOTOGRAFIE IMPIANTO
ALTRO;ALTRO - ALTRE TIPOLOGIE DI DOCUMENTI
RACO;RACO - RAPPORTO CONTROLLO
OLDOC;OLDDOC - TIPOLOGIE DOCUMENTI NON IN USO
VDM;VVDM - VERIFICA VERBALI DI MISURA
MAOP;MAOP - Manuale Operativo
INTE;COVA - INTERNE SRG VARIE
